.ALOKFIFOPOC;CanvasParticleHelper;17
.BMCHFAOOFIH;LightControlMixerBehaviour;49
.MMALFFDIGKJ;NavMeshAgentControlMixerBehaviour;33
.KHAAPDIKNCD;ScreenFaderMixerBehaviour;49
.MHOIJDJNEEL;TextSwitcherMixerBehaviour;49
.AKBNHNHPGBL;TimeDilationMixerBehaviour;81
.BKOABNABFDP;TransformTweenMixerBehaviour;49
.LAKKAEMBEDM;NPCComponentBase;7
.LJJEENJAOFJ;CommandHelper;17
.LJJEENJAOFJ.KDJIGJOGMGE;OnCommandConsoleExecutedEventDelegate;53
.LJJEENJAOFJ.GCOOLNBCAHD;ConsoleCommandResult;17
.LJJEENJAOFJ.DPOMHPBJEHG;__c__DisplayClass9_0;71
.EHNKNMGNDGF;CommandTypes;537
.FINFGAGPAPB;MRatedRestrictedCommandTypes;37
.EDPMKJDPBJO;ColorOptions;117
.EIHDOMKPECA;ExtraSubCommands;77
.DAKLHBJFFLG;ConsoleCommand;27
.DAKLHBJFFLG.__c;__c;206
.DAKLHBJFFLG.ALOMJKMGHBH;__c__DisplayClass40_0;233
.DAKLHBJFFLG.ODOFHGABCCP;__c__DisplayClass41_0;185
.DAKLHBJFFLG.MOIAEDEAPII;__c__DisplayClass51_0;113
.CLDHKKJGEJM;EventHandler;17
.CLDHKKJGEJM.MLCKBFIMMFF;EventQueueItem;7
.CLDHKKJGEJM.LEIDKJBIEAN;_PerformGameEvent_d__8;115
.CLDHKKJGEJM.__c;__c;138
.CLDHKKJGEJM.CKBGNHKMBBN;__c__DisplayClass22_0;45
.BMAMMJLFGCK;BodyIKData;17
.ADKOGCODJJL;IKGoalItem;17
.OIMNHDOMFOO;GameSight;7
.OIMNHDOMFOO.ANINJEDIFHE;GameSightRunner;17
.OIMNHDOMFOO.ICFPAPCGMOP;_HandleFormPost_d__7;179
.HPLBMNABKIK;PlayerInputMap;236
.HPLBMNABKIK.BHNJBBFFKMN;PlayerActions;7
.HPLBMNABKIK.ICHJFMKDBBM;UIActions;7
.HPLBMNABKIK.POMIBLCLEPF;SystemActions;7
.HPLBMNABKIK.AAELIFDDDAD;IPlayerActions;7
.HPLBMNABKIK.APBGIMLONFC;IUIActions;7
.HPLBMNABKIK.PDKOCJGHDIO;ISystemActions;7
.JFPELOBBNPD;IControlService;7
.BPCIPPCPAJO;SteamDataSuite;7
.BPCIPPCPAJO.PHGMADKPIPO;SteamDataSuiteRunner;17
.BPCIPPCPAJO.DMPGDHOGNOJ;_HandleFormPost_d__10;193
.LAKGKCOBMDE;Galaxy.Api.Eek.GOGListener;7
.HJOJDCPNBOA;Galaxy.Api.Eek.AuthenticationListener;65
.CNLNBBAHLBM;Galaxy.Api.Eek.GogServicesConnectionStateListener;38
.NJMEPAJDLGH;PlayEveryWare.EpicOnlineServices.EOSAchievementManager;33
.NJMEPAJDLGH.DBLHFPPHBLM;__c__DisplayClass14_0;65
.NJMEPAJDLGH.IOBCEAJDJBI;__c__DisplayClass16_0;168
.NJMEPAJDLGH.CMMCCACADJB;__c__DisplayClass17_0;124
.NJMEPAJDLGH.PCCHHJHCMLD;__c__DisplayClass19_0;65
.NJMEPAJDLGH.KCDKIGNIIFP;__c__DisplayClass21_0;82
.NJMEPAJDLGH.HGOBJCKLHNO;_EnumeratorForCachedAchievementDefinitions_d__28;234
.NJMEPAJDLGH.LAEBBECOICB;_EnumeratorForCachedPlayerAchievement_d__31;261
.NJMEPAJDLGH.GMPAHEHLAJD;__c__DisplayClass39_0;60
.AGKAEKLOEOD;PlayEveryWare.EpicOnlineServices.EOSFriendsManager;17
.AGKAEKLOEOD.AMGPIMMJOAO;OnFriendsCallback;73
PlayEveryWare.EpicOnlineServices.EOSHostManager;EOSHostManager;69
.LIBAHMJDEBB;PlayEveryWare.EpicOnlineServices.EOSLeaderboardManager;17
.LIBAHMJDEBB.NLFEFBHNNBP;OnLeaderboardCallback;73
.KLJNENONJFH;PlayEveryWare.EpicOnlineServices.Lobby;17
.DBJEHOOOGEP;PlayEveryWare.EpicOnlineServices.LobbyInvite;17
.HDCMOKNEOPC;PlayEveryWare.EpicOnlineServices.LobbyAttribute;44
.LIAPKAHJAPA;PlayEveryWare.EpicOnlineServices.EOSLobbyManager;17
.LIAPKAHJAPA.__c;__c;446
.MOCBOEDGFKE;PlayEveryWare.EpicOnlineServices.ChatWithFriendData;17
.AICJEOBEJHF;PlayEveryWare.EpicOnlineServices.EOSPeer2PeerManager;17
.MMDGEACLKGE;PlayEveryWare.EpicOnlineServices.EOSPlayerDataStorageManager;17
.ONJDIEAMOCF;PlayEveryWare.EpicOnlineServices.EOSReportsManager;17
.ONJDIEAMOCF.KEMADDFJKIB;OnSanctionsCallback;73
.GECHNMHBLIN;PlayEveryWare.EpicOnlineServices.SessionAttribute;44
.BOLBLNNKPBI;PlayEveryWare.EpicOnlineServices.Session;44
.KOCIAMFLDHF;PlayEveryWare.EpicOnlineServices.EOSSessionsManager;17
.KOCIAMFLDHF.IGELLLAJHPK;__c__DisplayClass60_0;45
.GBFFHCKCEGK;PlayEveryWare.EpicOnlineServices.EOSStoreManager;58
.HDKELJONBNN;PlayEveryWare.EpicOnlineServices.EOSTitleStorageManager;17
.CMJLNIBKJHJ;PlayEveryWare.EpicOnlineServices.EOSTransferInProgress;17
JBrothers.PreIntegratedSkinShader2.PreIntegratedSkinProfile;PreIntegratedSkinProfile;981
CSC.WebRequests;WebRequests;228
CSC.WebRequests.MJNIIODMJAP;RegistrationStatuses;87
CSC.WebRequests.User;User;41
CSC.WebRequests.ReportedStories;ReportedStories;39
CSC.WebRequests.ReportedStory;ReportedStory;61
CSC.WebRequests.Ratings;Ratings;39
CSC.WebRequests.Rating;Rating;95
CSC.WebRequests.TokenBody;TokenBody;117
CSC.WebRequests.Stories;Stories;39
CSC.WebRequests.Story;Story;359
AmplifyOcclusion.VersionInfo;VersionInfo;188
EekEvents.ClothingConfiguration;ClothingConfiguration;41
EekEvents.Criteria;Criteria;458
EekEvents.CriteriaGroup;CriteriaGroup;107
EekEvents.CriteriaListWrapper;CriteriaListWrapper;39
EekEvents.PassCondition;PassCondition;57
EekEvents.ShouldAcceptCritera;ShouldAcceptCritera;61
EekEvents.ApplicationManager;ApplicationManager;169
EekEvents.ApplicationManager.CDBINPEEAAF;NameGameEventInRuntime;73
EekEvents.ApplicationManager.__c;__c;110
EekEvents.EekGameData;EekGameData;61
EekEvents.EekGameData.BBHAPDKOKAJ;DistributionPlatforms;127
EekEvents.NPCSave;NPCSave;373
EekEvents.SaveData;SaveData;465
EekEvents.SaveData.__c;__c;181
EekEvents.ItemSaveData;ItemSaveData;237
EekEvents.DoorSaveData;DoorSaveData;73
EekEvents.ToolTipData;ToolTipData;115
EekEvents.ActionState;ActionState;61
EekEvents.PositionRotationValue;PositionRotationValue;61
EekEvents.SerializableVector3;SerializableVector3;94
EekEvents.SerializableQuaternion;SerializableQuaternion;114
EekEvents.Genders;Genders;37
.BOECFFPMICD;EekEvents.ClothingTypes;87
.HJMOFCICLIN;EekEvents.Traits;187
.EMMADCCKLML;EekEvents.Emotes;217
.GANBLCBAIOA;EekEvents.BGCPairableEmotes;107
.HOBOJCEHPNG;EekEvents.EventTypes;617
.JMCIAFHHPAA;EekEvents.InteractiveStates;637
.LLIJHDEFICD;EekEvents.InteractiveProperties;207
.HDCOEBGHFEN;EekEvents.SpecialCharacterTypes;77
.CILLBGOANKB;EekEvents.IKTargets;77
.LPIOABFBIMK;EekEvents.AnimationProfileTypes;67
.EKMGLIMIJJN;EekEvents.BodyParts;237
.FGNBMEIJJFB;EekEvents.CompareTypes;447
.BPBMEJECGED;EekEvents.ComparisonEquations;57
.NDHOLDDAOAN;EekEvents.ValueSpecificFormulas;57
.NLIIALKBGNE;EekEvents.DialogueStatuses;57
.EAKGJJGBKKE;EekEvents.DoorOptionValues;57
.BEDBHBFMKJH;EekEvents.EqualsValues;37
.NFHLEGKCPKI;EekEvents.ItemComparisonTypes;77
.CDGPJOPHHAE;EekEvents.ItemFromItemGroupComparisonTypes;87
.HIAICNKCLKM;EekEvents.PlayerInventoryOptions;37
.LCFGFFIJNHO;EekEvents.PoseOptions;37
.MLEDFDGLEOL;EekEvents.SocialStatuses;67
.HBOKCMJIDGD;EekEvents.ClothingSetOptions;47
.MEEPINIGAIN;EekEvents.CriteriaSpecialHandling;37
.EIAMKIGFFOL;EekEvents.CutSceneCriteriaOptions;47
.OFAMKEJKAIL;EekEvents.AddRemoveActions;37
.IIGNDENHPPN;EekEvents.BodyPartOptions;57
.EOEKODFOMCH;EekEvents.CombatOptions;67
.AEEJIJENADI;EekEvents.DialogueActions;57
.CEPCLDNFFOA;EekEvents.DoorValues;77
.FEIEALEJBHN;EekEvents.EventTriggerOptions;37
.FJMHIGMAEOG;EekEvents.TurnOptions;57
.CKOPOMCOADI;EekEvents.GameEvents;457
.LDEILNJHGLB;EekEvents.GameMessageTypes;47
.EIMJCKBHBKA;EekEvents.IntimacyOptions;47
.NDHCFLHJKCK;EekEvents.ItemActions;107
.GCPODMBHCPH;EekEvents.ItemGroupActions;117
.ILPNNELDLGG;EekEvents.LookAtTargets;67
.EODCECGNACP;EekEvents.ModificationTypes;37
.KNGLIGMAIIH;EekEvents.OnOffValues;37
.NDAPLMPBJFI;EekEvents.PlayerOptions;117
.KCHDGJGDHLO;EekEvents.QuestActions;57
.IINGHDKDPNJ;EekEvents.RoamingOptions;127
.CDEMIPLKKBK;EekEvents.SendEventOptions;327
.HJJHDJICHNL;EekEvents.SocialModTypes;87
.JLEAJJLALPO;EekEvents.WalkToTargetOptions;57
.ANDKHPCMBPN;EekEvents.LocationTargetOptions;47
.KJGDLLOFBHM;EekEvents.RadialTriggerOptions;37
.NGOKGLKBHGK;EekEvents.WarpItemOptions;57
.OGKDFCENJFM;EekEvents.EventSpecialHandling;77
.MBEJNKKGFGF;EekEvents.ClothingOptions;37
.PIONLMAMOFM;EekEvents.CutSceneOptions;57
.LBABHKFFBMO;EekEvents.SexualActs;157
.APGOLPIOPGI;EekEvents.SexualRoles;47
.DNNKGIBMAGP;EekEvents.IntimacyEvents;147
EekEvents.EventTrigger;EventTrigger;283
.OKBKNEOEDBF;EekEvents.BodyAreas;87
EekEvents.GameEvent;GameEvent;556
EekEvents.GameEvent.DHNAOMNNANE;OnGameEventDelegate;53
EekEvents.CharacterContentDataPool;CharacterContentDataPool;49
EekEvents.ContentLoadManager;ContentLoadManager;33
EekEvents.ContentLoadManager.__c;__c;72
EekEvents.ContentManager;ContentManager;77
EekEvents.ContentManager.__c;__c;67
EekEvents.EekContent;EekContent;45
EekEvents.EekContentLibrary;EekContentLibrary;139
EekEvents.EekContentLibrary.__c;__c;598
.EJHKIFMDMGJ;EekEvents.ItemSearchConstruct;13
EekEvents.CharacterContentMetaData;CharacterContentMetaData;285
EekEvents.ItemContentMetaData;ItemContentMetaData;223
EekEvents.MoveTargetMetaData;MoveTargetMetaData;189
.MNPLBGNNHFG;EekEvents.Values.CVal`1;17
.JADJIBDLAHN;EekEvents.Values.ValueStore;17
.JADJIBDLAHN.HCOKEMMONEC;SocialValues;37
.JADJIBDLAHN.PEACFNBMKIK;RelationshipTypes;47
.JADJIBDLAHN.MKLDNKNJOMC;RelationshipHashValues;7
EekEvents.Values.ValueList;ValueList;73
.IDJNJHNJGHE;EekEvents.Support.EekClock;13
.JKIBCBGFEAM;EekEvents.Support.Importance;47
.DBKLAOGJHCH;EekEvents.Support.ImportanceSpecified;57
EekEvents.Support.ImageLibrary;ImageLibrary;83
EekEvents.Support.TestManager;TestManager;199
EekEvents.Stories.CharacterStory;CharacterStory;29
EekEvents.Stories.CharacterStoryData;CharacterStoryData;423
EekEvents.Stories.CharacterStoryData.LCFPENCIGMF;StoryAspects;87
EekEvents.Stories.CharacterStoryData.HKFBPONAIKK;__c__DisplayClass19_0;55
EekEvents.Stories.CharacterData;CharacterData;341
EekEvents.Stories.CharacterData.HOFNDPDNLFI;__c__DisplayClass16_0;50
EekEvents.Stories.CharacterData.MNEAOFFAJGN;__c__DisplayClass17_0;50
EekEvents.Stories.CharacterData.LPEEMOACNAO;__c__DisplayClass18_0;45
EekEvents.Stories.CharacterData.NOOBDJNFKJC;__c__DisplayClass19_0;50
EekEvents.Stories.CharacterData.__c;__c;219
EekEvents.Stories.Story;Story;67
EekEvents.Stories.Story.LNBMAFOABCC;OnDataUpdateRequestHandler;73
EekEvents.Stories.StoryCollection;StoryCollection;190
EekEvents.Stories.StoryData;StoryData;397
EekEvents.Stories.StoryData.COOPIHGNCBB;StoryAspects;137
EekEvents.Stories.StoryData.ADACHLAEMIH;__c__DisplayClass32_0;39
EekEvents.Stories.StoryData.CGPPIHKLMHK;__c__DisplayClass32_1;55
EekEvents.Stories.StoryMetaData;StoryMetaData;289
.NBHCLFKHDJC;EekEvents.Stories.ValuesPopulator;17
.BMNLBHPFELC;EekEvents.Helper.EnumsHelper;7
EekEvents.Helper.ExceptionsHelper;ExceptionsHelper;28
.PCPBGKJHPGN;EekEvents.Helper.FileIOHelper;17
.HJPFMJONMEK;EekEvents.Helper.MathHelper;7
.BOIAJHAPONL;EekEvents.Helper.PrecisionLevels;77
.KIMJAPHNHEB;EekEvents.Quests.QuestIcons;237
.EGCHDHGCHNH;EekEvents.Quests.QuestStatus;67
EekEvents.Quests.Quest;Quest;379
EekEvents.Quests.Quest.QuestProgressDetails;QuestProgressDetails;51
EekEvents.Quests.Quest.__c;__c;67
EekEvents.Quests.QuestList;QuestList;39
EekEvents.Quests.QuestManager;QuestManager;256
EekEvents.Quests.QuestManager.EEKJLFMOAGA;OnQuestBroadcasterDelegate;73
EekEvents.Quests.QuestManager.EKNFDHPKKLH;OnQuestDelegate;73
EekEvents.Quests.QuestManager.DANEMPFLFIM;__c__DisplayClass25_0;50
.BILENKNGCLL;EekEvents.Motion.MoveTargetTypes;47
.DKBFGPEBMKF;EekEvents.Motion.ZoneEnums;287
EekEvents.Items.SpecialItemTypes;SpecialItemTypes;97
EekEvents.Items.InteractiveItemMetaData;InteractiveItemMetaData;105
EekEvents.Items.ItemInteractions;ItemInteractions;127
EekEvents.Items.InteractiveItemBehavior;InteractiveItemBehavior;171
EekEvents.Items.UseWith;UseWith;137
EekEvents.Items.ItemAction;ItemAction;115
EekEvents.Items.ItemGroup;ItemGroup;85
EekEvents.Items.ItemGroupInteractions;ItemGroupInteractions;151
EekEvents.Items.ItemGroupBehavior;ItemGroupBehavior;129
EekEvents.HouseParty.HousePartyEnums;HousePartyEnums;17
EekEvents.HouseParty.HousePartyEnums.PKNGIKKDDNA;FemalePoses;537
EekEvents.HouseParty.HousePartyEnums.EKNBBPGOMMI;MalePoses;347
EekEvents.Dialogues.AlternateDialogueText;AlternateDialogueText;75
EekEvents.Dialogues.Dialogue;Dialogue;559
EekEvents.Dialogues.Dialogue.__c;__c;67
EekEvents.Dialogues.Response;Response;313
EekEvents.Dialogues.Response.__c;__c;67
EekEvents.Characters.BackgroundChatter;BackgroundChatter;356
EekEvents.Characters.BackgroundChatter.BackgroundChatterResponse;BackgroundChatterResponse;94
.FDPNGJIPPBE;EekEvents.Characters.CharacterKeyCache;17
EekEvents.Characters.CharacterMetaData;CharacterMetaData;179
EekEvents.Characters.CharacterMetaData.AlternateTexture;AlternateTexture;73
EekEvents.Characters.CharacterPersonality;CharacterPersonality;41
EekEvents.Characters.Trait;Trait;41
EekEvents.Characters.Memory;Memory;63
.PFKKKFEMFLA;EekEvents.Characters.MemoryType;37
EekEvents.Achievements.Achievement;Achievement;119
EekEvents.Achievements.AchievementList;AchievementList;39
ScorpionStudios.Core.FullSerializer.fsConverterRegistrar;fsConverterRegistrar;479
ScorpionStudios.Core.FullSerializer.fsForwardAttribute;fsForwardAttribute;39
ScorpionStudios.Core.FullSerializer.fsTypeExtensions;fsTypeExtensions;55
ScorpionStudios.Core.FullSerializer.fsTypeExtensions.__c__DisplayClass2_0;__c__DisplayClass2_0;65
ScorpionStudios.Core.FullSerializer.fsMetaType;fsMetaType;410
ScorpionStudios.Core.FullSerializer.fsMetaType.__c__DisplayClass5_0;__c__DisplayClass5_0;102
ScorpionStudios.Core.FullSerializer.fsMetaType.__c__DisplayClass7_0;__c__DisplayClass7_0;60
ScorpionStudios.Core.FullSerializer.fsMetaType.__c__DisplayClass8_0;__c__DisplayClass8_0;50
ScorpionStudios.Core.FullSerializer.fsAotCompilationManager;fsAotCompilationManager;191
ScorpionStudios.Core.FullSerializer.fsAotCompilationManager.AotCompilation;AotCompilation;73
ScorpionStudios.Core.FullSerializer.fsBaseConverter;fsBaseConverter;205
ScorpionStudios.Core.FullSerializer.fsBaseConverter.__c;__c;72
ScorpionStudios.Core.FullSerializer.fsGlobalConfig;fsGlobalConfig;93
ScorpionStudios.Core.FullSerializer.fsConfig;fsConfig;397
ScorpionStudios.Core.FullSerializer.fsConfig.__c;__c;67
ScorpionStudios.Core.FullSerializer.fsContext;fsContext;83
ScorpionStudios.Core.FullSerializer.fsConverter;fsConverter;33
ScorpionStudios.Core.FullSerializer.fsDataType;fsDataType;87
ScorpionStudios.Core.FullSerializer.fsData;fsData;521
ScorpionStudios.Core.FullSerializer.fsData.MethodInfoStoreGeneric_Cast_Private_T_0`1;MethodInfoStoreGeneric_Cast_Private_T_0`1;11
ScorpionStudios.Core.FullSerializer.fsDirectConverter;fsDirectConverter;33
ScorpionStudios.Core.FullSerializer.fsDirectConverter`1;fsDirectConverter`1;97
ScorpionStudios.Core.FullSerializer.fsMissingVersionConstructorException;fsMissingVersionConstructorException;17
ScorpionStudios.Core.FullSerializer.fsDuplicateVersionNameException;fsDuplicateVersionNameException;17
ScorpionStudios.Core.FullSerializer.fsISerializationCallbacks;fsISerializationCallbacks;71
ScorpionStudios.Core.FullSerializer.fsJsonParser;fsJsonParser;416
ScorpionStudios.Core.FullSerializer.fsJsonPrinter;fsJsonPrinter;161
ScorpionStudios.Core.FullSerializer.fsMemberSerialization;fsMemberSerialization;47
ScorpionStudios.Core.FullSerializer.fsObjectAttribute;fsObjectAttribute;147
ScorpionStudios.Core.FullSerializer.fsObjectProcessor;fsObjectProcessor;128
ScorpionStudios.Core.FullSerializer.fsPropertyAttribute;fsPropertyAttribute;61
ScorpionStudios.Core.FullSerializer.fsResult;fsResult;324
ScorpionStudios.Core.FullSerializer.fsSerializer;fsSerializer;1148
ScorpionStudios.Core.FullSerializer.fsSerializer.fsLazyCycleDefinitionWriter;fsLazyCycleDefinitionWriter;114
ScorpionStudios.Core.FullSerializer.Internal.fsDateConverter;fsDateConverter;170
ScorpionStudios.Core.FullSerializer.Internal.fsDictionaryConverter;fsDictionaryConverter;113
ScorpionStudios.Core.FullSerializer.Internal.fsEnumConverter;fsEnumConverter;134
ScorpionStudios.Core.FullSerializer.Internal.fsEnumConverter.MethodInfoStoreGeneric_ArrayContains_Private_Static_Boolean_ArrayOf_T_T_0`1;MethodInfoStoreGeneric_ArrayContains_Private_Static_Boolean_ArrayOf_T_T_0`1;11
ScorpionStudios.Core.FullSerializer.Internal.fsForwardConverter;fsForwardConverter;119
ScorpionStudios.Core.FullSerializer.Internal.fsIEnumerableConverter;fsIEnumerableConverter;162
ScorpionStudios.Core.FullSerializer.Internal.fsKeyValuePairConverter;fsKeyValuePairConverter;102
ScorpionStudios.Core.FullSerializer.Internal.fsPrimitiveConverter;fsPrimitiveConverter;146
ScorpionStudios.Core.FullSerializer.Internal.fsCyclicReferenceManager;fsCyclicReferenceManager;207
ScorpionStudios.Core.FullSerializer.Internal.fsCyclicReferenceManager.ObjectReferenceEqualityComparator;ObjectReferenceEqualityComparator;126
ScorpionStudios.Core.FullSerializer.Internal.fsOption`1;fsOption`1;116
ScorpionStudios.Core.FullSerializer.Internal.fsOption;fsOption;18
ScorpionStudios.Core.FullSerializer.Internal.fsOption.MethodInfoStoreGeneric_Just_Public_Static_fsOption_1_T_T_0`1;MethodInfoStoreGeneric_Just_Public_Static_fsOption_1_T_T_0`1;11
ScorpionStudios.Core.FullSerializer.Internal.fsPortableReflection;fsPortableReflection;472
ScorpionStudios.Core.FullSerializer.Internal.fsPortableReflection.AttributeQuery;AttributeQuery;51
ScorpionStudios.Core.FullSerializer.Internal.fsPortableReflection.AttributeQueryComparator;AttributeQueryComparator;44
ScorpionStudios.Core.FullSerializer.Internal.fsPortableReflection._GetFlattenedMethods_d__18;_GetFlattenedMethods_d__18;393
ScorpionStudios.Core.FullSerializer.Internal.fsVersionManager;fsVersionManager;124
ScorpionStudios.Core.FullSerializer.Internal.fsVersionedType;fsVersionedType;154
ScorpionStudios.Core.FullSerializer.Internal.fsMetaProperty;fsMetaProperty;659
ScorpionStudios.Core.FullSerializer.Internal.fsReflectionUtility;fsReflectionUtility;23
ScorpionStudios.Core.FullSerializer.Internal.fsTypeCache;fsTypeCache;179
ScorpionStudios.Core.FullSerializer.Internal.fsSerializationCallbackProcessor;fsSerializationCallbackProcessor;112
ScorpionStudios.Core.FullSerializer.Internal.fsSerializationCallbackReceiverProcessor;fsSerializationCallbackReceiverProcessor;65
ScorpionStudios.Core.FullSerializer.Internal.Converters.UnityEvent_Converter;UnityEvent_Converter;81
ScorpionStudios.Core.FullSerializer.Internal.DirectConverters.AnimationCurve_DirectConverter;AnimationCurve_DirectConverter;65
ScorpionStudios.Core.FullSerializer.Internal.DirectConverters.Bounds_DirectConverter;Bounds_DirectConverter;65
ScorpionStudios.Core.FullSerializer.Internal.DirectConverters.GUIStyleState_DirectConverter;GUIStyleState_DirectConverter;65
ScorpionStudios.Core.FullSerializer.Internal.DirectConverters.GUIStyle_DirectConverter;GUIStyle_DirectConverter;65
ScorpionStudios.Core.FullSerializer.Internal.DirectConverters.Gradient_DirectConverter;Gradient_DirectConverter;65
ScorpionStudios.Core.FullSerializer.Internal.DirectConverters.Keyframe_DirectConverter;Keyframe_DirectConverter;65
ScorpionStudios.Core.FullSerializer.Internal.DirectConverters.LayerMask_DirectConverter;LayerMask_DirectConverter;65
ScorpionStudios.Core.FullSerializer.Internal.DirectConverters.RectOffset_DirectConverter;RectOffset_DirectConverter;65
ScorpionStudios.Core.FullSerializer.Internal.DirectConverters.Rect_DirectConverter;Rect_DirectConverter;65
ScorpionStudios.Core.Utils.StringUtils;StringUtils;55
ScorpionStudios.Core.UI.ISelectables;ISelectables;51
ScorpionStudios.Core.UI.Selectables;Selectables;157
ScorpionStudios.Core.Serialization.Format;Format;47
ScorpionStudios.Core.Serialization.JsonFormat;JsonFormat;37
ScorpionStudios.Core.Serialization.FileNotFoundAction;FileNotFoundAction;37
ScorpionStudios.Core.Serialization.EmptyFileAction;EmptyFileAction;37
ScorpionStudios.Core.Serialization.SerializationManager;SerializationManager;860
ScorpionStudios.Core.Logging.Basic.LogManager;LogManager;209
HouseParty.AnimatorOverrideRootMotion;AnimatorOverrideRootMotion;119
HouseParty.AmalaCharacter;AmalaCharacter;28
HouseParty.AshleyCharacter;AshleyCharacter;28
HouseParty.BrittneyCharacter;BrittneyCharacter;28
HouseParty.FrankCharacter;FrankCharacter;511
HouseParty.FrankCharacter.OKNLFLJGNPP;VFXModeTransitionTypes;57
HouseParty.FrankCharacter.AKHCBFMEDNG;_Testing_d__29;181
HouseParty.HintLoader;HintLoader;71
HouseParty.HousePartyManager;HousePartyManager;61
HouseParty.HousePartyNonPlayerCharacter;HousePartyNonPlayerCharacter;637
HouseParty.Dryer;Dryer;120
HouseParty.Dryer.BGFFMPELCJK;_DelayStartDryer_d__10;213
HouseParty.FridgeDoor;FridgeDoor;39
HouseParty.GastronomyBook;GastronomyBook;33
HouseParty.InvisAudioPlayer;InvisAudioPlayer;118
HouseParty.PantryDoor;PantryDoor;28
HouseParty.Paper;Paper;140
HouseParty.Speaker;Speaker;417
HouseParty.Speaker.APLMFMEIEFO;DLCTrackModes;57
HouseParty.Speaker.__c;__c;105
HouseParty.Speaker.NLOJGCNBJFC;_PlayTrack_d__33;215
HouseParty.Thermostat;Thermostat;50
HouseParty.WashingMachine;WashingMachine;125
HouseParty.WashingMachine.HEHAGKGBFFM;_DelayStartWasher_d__10;213
HouseParty.RandomCharacterSelector;RandomCharacterSelector;98
HouseParty.Interface.MessageHandler;MessageHandler;153
HouseParty.Interface.MessageHandler.KCAMBNGJDOA;DisplayData;7
HouseParty.Interface.QuestHandler;QuestHandler;83
HouseParty.Interface.QuestHandler.GGFLKJBOLCB;DisplayData;7
HouseParty.Interface.QuestHandler.JJCHNFLNJIO;__c__DisplayClass18_0;35
HouseParty.Interface.QuestHandler.__c;__c;143
HouseParty.Interface.QuestHandler.LLHGOGNFANI;_ShowPopup_d__18;149
HouseParty.Interface.UIMain;UIMain;28
HouseParty.Interface.UseSelect;UseSelect;103
HouseParty.Interface.UseSelect.DAKKAJDGDJA;__c__DisplayClass4_0;61
HouseParty.Interface.UseSelect.CCNMPKFBDGD;__c__DisplayClass4_1;60
HouseParty.Interface.UseSelect.__c;__c;77
HouseParty.Interface.GameMenu;GameMenu;1696
HouseParty.Interface.GameMenu.PEHKGGCMJKO;__c__DisplayClass73_0;60
HouseParty.Interface.GameMenu.CEOLHEEKJHG;__c__DisplayClass96_0;55
HouseParty.Interface.GameMenu.DGGMPABPHOP;__c__DisplayClass102_0;45
HouseParty.Interface.GameMenu.__c;__c;115
HouseParty.Interface.GameMenu.GNOBNFBMEIH;__c__DisplayClass104_0;55
HouseParty.Interface.GameMenu.KHIKHOKLOOG;__c__DisplayClass104_1;55
HouseParty.Interface.GameMenu.JBONFPKEKCC;__c__DisplayClass104_2;55
HouseParty.Interface.GameMenu.MKGLPOMALFC;__c__DisplayClass104_3;65
HouseParty.Interface.GameMenu.JDFJJOFGAPL;__c__DisplayClass112_0;50
HouseParty.Interface.ImageEffectFadeOutRadius;ImageEffectFadeOutRadius;169
HouseParty.Interface.RelationshipStatusNotifier;RelationshipStatusNotifier;511
HouseParty.Interface.RelationshipStatusNotifier.LHKEIHINPFF;DisplayData;7
HouseParty.Interface.SavingNotification;SavingNotification;105
HouseParty.Interface.SavingNotification.JFGHFFLGEKO;_FadeoutSaveCanvas_d__8;213
RealisticEyeMovements.EyeRotationLimiter;EyeRotationLimiter;386
RealisticEyeMovements.EyeRotationLimiter.EyeRotationLimiterForExport;EyeRotationLimiterForExport;149
RealisticEyeMovements.EyelidRotationLimiter;EyelidRotationLimiter;583
RealisticEyeMovements.EyelidRotationLimiter.EyelidRotationLimiterForExport;EyelidRotationLimiterForExport;401
RealisticEyeMovements.ControlData;ControlData;1715
RealisticEyeMovements.ControlData.ControlDataForExport;ControlDataForExport;1369
RealisticEyeMovements.ControlData.EyeControl;EyeControl;47
RealisticEyeMovements.ControlData.EyelidControl;EyelidControl;47
RealisticEyeMovements.ControlData.EyelidBoneMode;EyelidBoneMode;47
RealisticEyeMovements.ControlData.EyelidPositionBlendshapeForExport;EyelidPositionBlendshapeForExport;149
RealisticEyeMovements.ControlData.EyelidPositionBlendshape;EyelidPositionBlendshape;182
RealisticEyeMovements.ControlData.BlendshapesConfigForExport;BlendshapesConfigForExport;125
RealisticEyeMovements.ControlData.BlendshapesConfig;BlendshapesConfig;158
RealisticEyeMovements.CritDampTweenQuaternion;CritDampTweenQuaternion;173
RealisticEyeMovements.CritDampTweenQuaternion.QVUnion;QVUnion;53
RealisticEyeMovements.DestroyNotifier;DestroyNotifier;107
RealisticEyeMovements.EyeAndHeadAnimatorForExport;EyeAndHeadAnimatorForExport;467
RealisticEyeMovements.EyeAndHeadAnimator;EyeAndHeadAnimator;4258
RealisticEyeMovements.EyeAndHeadAnimator.HeadControl;HeadControl;57
RealisticEyeMovements.EyeAndHeadAnimator.BlinkState;BlinkState;57
RealisticEyeMovements.EyeAndHeadAnimator.HeadSpeed;HeadSpeed;37
RealisticEyeMovements.EyeAndHeadAnimator.EyeDelay;EyeDelay;47
RealisticEyeMovements.EyeAndHeadAnimator.LookTarget;LookTarget;77
RealisticEyeMovements.EyeAndHeadAnimator.FaceLookTarget;FaceLookTarget;57
RealisticEyeMovements.LookTargetController;LookTargetController;1265
RealisticEyeMovements.LookTargetController.State;State;57
RealisticEyeMovements.Utils;Utils;182
CrazyMinnow.SALSA.CM_RuntimeSetupExample;CM_RuntimeSetupExample;175
CrazyMinnow.SALSA.CM_RuntimeSetupExample._RemoveComponents_d__7;_RemoveComponents_d__7;213
CrazyMinnow.SALSA.Daz.CM_DazSetup;CM_DazSetup;39
CrazyMinnow.SALSA.Daz.CM_DazSync;CM_DazSync;994
CrazyMinnow.SALSA.Daz.CM_DazSync.DazType;DazType;57
CrazyMinnow.SALSA.Daz.CM_ShapeGroup;CM_ShapeGroup;93
CrazyMinnow.SALSA.Examples.CM_SalsaTypeAndObject;CM_SalsaTypeAndObject;61
CrazyMinnow.SALSA.Examples.CM_SalsaTypeAndObject.SalsaTypeOf;SalsaTypeOf;37
CrazyMinnow.SALSA.Examples.CM_PlayerResponse;CM_PlayerResponse;127
CrazyMinnow.SALSA.Examples.CM_NPCDialog;CM_NPCDialog;117
CrazyMinnow.SALSA.Examples.CM_DialogSystem;CM_DialogSystem;321
CrazyMinnow.SALSA.Examples.CM_Ethan_Demo;CM_Ethan_Demo;277
CrazyMinnow.SALSA.Examples.CM_Ethan_Demo._Look_d__11;_Look_d__11;279
CrazyMinnow.SALSA.Examples.CM_Ethan_Demo._WaitStart_d__12;_WaitStart_d__12;235
CrazyMinnow.SALSA.Examples.CM_GameManager;CM_GameManager;104
CrazyMinnow.SALSA.Examples.CM_RandomEyes2D_Functions;CM_RandomEyes2D_Functions;329
CrazyMinnow.SALSA.Examples.CM_RandomEyes3D_Functions;CM_RandomEyes3D_Functions;329
CrazyMinnow.SALSA.Examples.CM_RandomEyesBroadcastEventTester;CM_RandomEyesBroadcastEventTester;69
CrazyMinnow.SALSA.Examples.CM_RandomEyesCustomShapeIterator;CM_RandomEyesCustomShapeIterator;98
CrazyMinnow.SALSA.Examples.CM_RandomEyesTriggerTracking;CM_RandomEyesTriggerTracking;170
CrazyMinnow.SALSA.Examples.CM_Salsa2D_Functions;CM_Salsa2D_Functions;173
CrazyMinnow.SALSA.Examples.CM_Salsa3D_Functions;CM_Salsa3D_Functions;173
CrazyMinnow.SALSA.Examples.CM_SalsaBroadcastEventTester;CM_SalsaBroadcastEventTester;38
CrazyMinnow.SALSA.Examples.CM_SalsaWaypointTriggers;CM_SalsaWaypointTriggers;105
CrazyMinnow.SALSA.Examples.CM_SalsaWaypointTriggers.Trigger;Trigger;37
CrazyMinnow.SALSA.Examples.CM_SalsaWaypoints;CM_SalsaWaypoints;321
CrazyMinnow.SALSA.Examples.CM_WaypointItems;CM_WaypointItems;73
CrazyMinnow.SALSA.Examples.CM_WaypointItems.Direction;Direction;37
CrazyMinnow.SALSA.Examples.CM_Waypoints;CM_Waypoints;281
CrazyMinnow.SALSA.Examples.CM_Waypoints.AnimationType;AnimationType;57
.FGKFLHIIAEB;EekAddOns.CPuppetMaster;17
.FGKFLHIIAEB.ODHCLBKDBHF;_disablePuppetFor_d__17;235
EekAddOns.PuppetHelper;PuppetHelper;33
EekAddOns.BobbyCharacter;BobbyCharacter;39
EekAddOns.BobbyCharacter.OGKKKAINCBD;_Testing_d__2;181
EekAddOns.FemalePlayerCharacter;FemalePlayerCharacter;61
EekAddOns.FemalePlayerCharacter.LBKHBKEABBG;_Testing_d__4;181
EekAddOns.HousePartyPlayerCharacter;HousePartyPlayerCharacter;276
EekAddOns.HousePartyPlayerCharacter.FODMAAEOFMH;_GameOver_d__22;181
EekAddOns.FinalkIK.CFinalIK;CFinalIK;799
EekAddOns.FinalkIK.CFinalIK.JBEGIIGOKOB;_DelayIKReachForGoal_d__63;271
EekAddOns.FinalkIK.CFinalIK.CKKBENEBNLD;_DelayIKRemoveGoal_d__64;259
EekCharacterEngine.AudioManager;AudioManager;642
EekCharacterEngine.AudioManager.DKDGIIGKPHD;AudioLease;17
EekCharacterEngine.AudioManager.__c;__c;199
EekCharacterEngine.AudioManager.FAPFPIECIAL;__c__DisplayClass44_0;60
EekCharacterEngine.AudioManager.HMADIIAPJBN;__c__DisplayClass44_1;70
EekCharacterEngine.AudioManager.ONDNOMAMGMB;_TryPrepMusicTrack_d__45;227
EekCharacterEngine.AudioManager.KHMICADALDK;__c__DisplayClass45_0;60
EekCharacterEngine.ComponentBase;ComponentBase;477
.OPFMAOLHHCC;EekCharacterEngine.ComponentList;17
.OPFMAOLHHCC.GHNPHFDFPJL;__c__DisplayClass1_0;45
.OPFMAOLHHCC.MGMECJHKKHI;__c__DisplayClass2_0;45
.NCHLJMOOJKG;EekCharacterEngine.ComponentTypes;247
.FGILECCJHKM;EekCharacterEngine.CEvents;1227
EekCharacterEngine.CEvent;CEvent;149
.OPFODMLLIPH;EekCharacterEngine.CData;27
EekCharacterEngine.ETargets;ETargets;17
.MJICAIKOILM;EekCharacterEngine.CStates;567
EekCharacterEngine.UserState;UserState;41
EekCharacterEngine.CensorManager;CensorManager;354
EekCharacterEngine.CensorManager.CCMLJNLJKJD;OnCensorSettingChangedDelegate;73
EekCharacterEngine.CharacterVFXManager;CharacterVFXManager;262
EekCharacterEngine.Character;Character;5315
EekCharacterEngine.Character.GPOLPPCOEGC;OnOccludedChangedDelegate;73
EekCharacterEngine.Character.OLMNLDGMFGA;OnItemMountedDelegate;73
EekCharacterEngine.Character.IDBKEBJOCHA;OnItemUnMountedDelegate;73
EekCharacterEngine.Character.__c;__c;105
EekCharacterEngine.Character.CBNMIPCMLBL;_EnableCollisionsAfter_d__243;215
.FMBIAGPCDDE;EekCharacterEngine.MountLocations;47
EekCharacterEngine.CharacterManager;CharacterManager;686
EekCharacterEngine.CharacterManager.PEJEPGICMEH;OnCharacterManagerTickDelegate;73
EekCharacterEngine.CharacterManager.NLMDGGENJCI;_LoadNextQueuedCharacter_d__71;191
EekCharacterEngine.CharacterManager.FLEJDHADDKI;__c__DisplayClass55_0;93
EekCharacterEngine.CharacterManager.MethodInfoStoreGeneric_GetCharacter_Public_Static_T_String_0`1;MethodInfoStoreGeneric_GetCharacter_Public_Static_T_String_0`1;11
EekCharacterEngine.ClothingList;ClothingList;317
EekCharacterEngine.ClothingList.IBCJFGCMDBP;OnClothingStatusChangedDelegate;53
EekCharacterEngine.ClothingList.__c;__c;67
EekCharacterEngine.ClothingItem;ClothingItem;141
.EHKJAGPCKIM;EekCharacterEngine.CullingType;47
.AACCLELPAFE;EekCharacterEngine.CullingChannels;57
EekCharacterEngine.DialogueCharacter;DialogueCharacter;50
EekCharacterEngine.EekPlayerCharacter;EekPlayerCharacter;137
EekCharacterEngine.EekPlayerCharacter.FGMBDNGKJKF;_BecomeInvulnerable_d__9;235
EekCharacterEngine.NonPlayerCharacter;NonPlayerCharacter;771
EekCharacterEngine.NonPlayerCharacter.__c;__c;105
EekCharacterEngine.NonPlayerCharacter.PDDBOPANEGG;__c__DisplayClass48_0;77
EekCharacterEngine.PlayerCharacter;PlayerCharacter;887
EekCharacterEngine.PlayerCharacter.IMAPNENIACK;_IgnoreInteractionInputUntilEndOfFrame_d__118;213
EekCharacterEngine.PuppetCharacter;PuppetCharacter;127
EekCharacterEngine.ShirtFlasher;ShirtFlasher;207
EekCharacterEngine.CSocialize;CSocialize;511
EekCharacterEngine.CSocialize.DGHIACNJLIO;_WaitUntilDoneSpeaking_d__42;203
EekCharacterEngine.CutScene;CutScene;1067
EekCharacterEngine.CutScene.OIDEJHPGNAO;CutSceneStatusDelegate;73
EekCharacterEngine.CutScene.__c;__c;120
EekCharacterEngine.CutScene.KMMCPECOJPD;_CutSceneOver_d__87;183
.NOPBOJBHPCB;EekCharacterEngine.DLCManager;7
EekCharacterEngine.EekClothBehavior;EekClothBehavior;71
EekCharacterEngine.EekMirror;EekMirror;82
EekCharacterEngine.ExplicitContentManager;ExplicitContentManager;85
EekCharacterEngine.GameManager;GameManager;981
EekCharacterEngine.GameManager.CENGGAEDANI;OnGameStatusChangeDelegate;73
EekCharacterEngine.GameManager.CEBDGHJLOMB;_WriteDebugLogToFile_d__67;213
EekCharacterEngine.GameManager.__c;__c;105
EekCharacterEngine.GameManager.BGGDCLCBGIL;_PerformDeferredEvents_d__69;203
EekCharacterEngine.HandHeldCamera;HandHeldCamera;104
EekCharacterEngine.EekInteractionTarget;EekInteractionTarget;134
EekCharacterEngine.EekInteractionTarget.MAACOCIEHJG;Hands;37
EekCharacterEngine.SexInteractionTarget;SexInteractionTarget;71
EekCharacterEngine.SexInteractionTarget.TimeActivation;TimeActivation;95
EekCharacterEngine.CharacterInteraction;CharacterInteraction;163
EekCharacterEngine.CharacterInteraction.CDCEFGACPEJ;InteractionModes;37
.MMFMPNFFDKG;EekCharacterEngine.TransformDistanceCheckJob;18
EekCharacterEngine.MusicManager;MusicManager;83
EekCharacterEngine.OcclusionZoneMap;OcclusionZoneMap;99
EekCharacterEngine.OcclusionZoneMap.OcclusionMap;OcclusionMap;61
EekCharacterEngine.PreferenceManager;PreferenceManager;84
EekCharacterEngine.PreferenceManager.MMHJBGCLCCK;OnIntPreferenceChangedDelegate;53
EekCharacterEngine.PreferenceManager.LAGFPCBNALD;Preferences;27
.FJGLCKNDKCG;EekCharacterEngine.ReactionHandler;17
.FJGLCKNDKCG.IEPNOFHJFPG;_OnPerformDelayedEventTriggersForAllCharacters_d__8;271
.FJGLCKNDKCG.PEKIACOIBFA;_PerformEventTriggersIn_d__11;283
EekCharacterEngine.AnimationIKOffsetData;AnimationIKOffsetData;29
EekCharacterEngine.AnimationIKOffsetData.AnimationIKData;AnimationIKData;255
EekCharacterEngine.DistanceManager;DistanceManager;99
EekCharacterEngine.DistanceManager.KLBKBBNLAPC;OnNewCycleDelegate;73
EekCharacterEngine.DistanceManager.OAPHLEEKBPK;DistanceData;13
EekCharacterEngine.Personality;Personality;41
EekCharacterEngine.Personality.OOOPIFJBHPF;__c__DisplayClass2_0;45
EekCharacterEngine.Personality.__c;__c;67
EekCharacterEngine.Personality.LHLLJIKEHFF;__c__DisplayClass3_0;67
EekCharacterEngine.Personality.BNPIKGNDHBP;__c__DisplayClass4_0;45
.HDHEIOFOGIF;EekCharacterEngine.CTarget;17
EekCharacterEngine.YieldManager;YieldManager;86
.KBHIEDEBLDA;EekCharacterEngine.TranslationManager;17
.KBHIEDEBLDA.FDDPHMIAMPA;OnLanguageChangedDelegate;73
.FCKEIPIIALF;EekCharacterEngine.TranslationSections;47
EekCharacterEngine.EekStatusBar;EekStatusBar;105
.JIGFHBCPJJC;EekCharacterEngine.UncensorHelper;17
.JIGFHBCPJJC.NPDBCNMDNMF;UncensorHelperTextureDelegate;73
.JIGFHBCPJJC.HGJPKBJKMAD;__c__DisplayClass8_0;257
.JIGFHBCPJJC.LGNADIIFNGD;_TrySwitchToAlternateTexture_d__9;257
.JIGFHBCPJJC.LCLIDCLFCGE;__c__DisplayClass9_0;113
.JIGFHBCPJJC.AEECMHIKFAM;__c__DisplayClass10_0;65
.JIGFHBCPJJC.BGEKEHBIPLD;_TrySwitchToAlternateSprite_d__10;227
.JIGFHBCPJJC.HICBOGIHDJH;__c__DisplayClass11_0;65
.JIGFHBCPJJC.EFOKCCNPCIE;_TrySwitchToAlternateImage_d__11;237
.JLBBNLIIJJH;EekCharacterEngine.UserModsHelper;17
.JLBBNLIIJJH.EILMBJPDCMM;UserModsBodyTextureDelegate;73
EekCharacterEngine.PopupManager;PopupManager;106
EekCharacterEngine.StoryManager;StoryManager;228
EekCharacterEngine.StoryManager.KOHMAFDOMCF;OnEekStoryUpdatePerformed;73
EekCharacterEngine.StoryManager.GEJDDEOMIHC;OnEekStoryUpdateFailure;73
EekCharacterEngine.StoryManager.__c;__c;72
EekCharacterEngine.StoryManager.PKIFDBGPJGI;_WaitTryStartInstallingInternalStories_d__40;213
EekCharacterEngine.MenuTranslator;MenuTranslator;191
EekCharacterEngine.MenuTranslator.JJHFOAGHMPM;MenuType;77
EekCharacterEngine.MenuTranslator.TranslationSerializable;TranslationSerializable;31
EekCharacterEngine.MenuTranslator.MJDGLKFGJIA;__c__DisplayClass18_0;82
EekCharacterEngine.Interface.ScreenFade;ScreenFade;180
EekCharacterEngine.Interface.DefaultButtonBehavior;DefaultButtonBehavior;93
EekCharacterEngine.Interface.ImageCycler;ImageCycler;115
EekCharacterEngine.Interface.PrefDrivenButtonBehavior;PrefDrivenButtonBehavior;104
.FFKIILFDAEB;EekCharacterEngine.Canvas.CanvasEvents;17
.FFKIILFDAEB.JJIGOEHJEPP;OnCanvasDisplayDelegate;73
EekCharacterEngine.Canvas.CanvasBase;CanvasBase;619
EekCharacterEngine.Canvas.EekUICanvas`1;EekUICanvas`1;391
EekCharacterEngine.Canvas.EekUICanvas`1.JCOCOLIGAHP;OnCanvasEventDelegate;73
.GHJFDECPMFB;EekCharacterEngine.Canvas.CanvasToggleOptions;47
EekCharacterEngine.Canvas.ToolTipAssociate;ToolTipAssociate;235
EekCharacterEngine.Canvas.ToolTipAssociate.MNKCOHACOHO;ActiveToolTipAssociateChangedDelegate;73
EekCharacterEngine.Canvas.ToolTipAssociateLoadGame;ToolTipAssociateLoadGame;119
EekCharacterEngine.Canvas.ToolTipProvider;ToolTipProvider;125
EekCharacterEngine.Canvas.ToolTipProviderLoadManager;ToolTipProviderLoadManager;435
EekCharacterEngine.Canvas.ToolTipProviderLoadManager.AELOIPMKLHG;__c__DisplayClass21_0;60
EekCharacterEngine.Canvas.ToolTipProviderLoadManager.__c;__c;158
EekCharacterEngine.Canvas.FollowMouseUI;FollowMouseUI;164
EekCharacterEngine.Support.Attribute;Attribute;104
EekCharacterEngine.Support.AudioMap;AudioMap;73
EekCharacterEngine.Support.CharacterBlocker;CharacterBlocker;105
.KMLHDGGCLBH;EekCharacterEngine.Support.CharacterPairConfidence`1;17
.MJKIDNAPLOJ;EekCharacterEngine.Support.ConfidenceEval`1;17
EekCharacterEngine.Support.DebugConsoleHelper;DebugConsoleHelper;158
EekCharacterEngine.Support.DebugConsoleHelper.GFNDOANEJOK;DebugConsoleHelperDelegate;73
EekCharacterEngine.Support.DebugConsoleHelper.HOOOHJKFJPK;ChangeLocationOrigin;57
EekCharacterEngine.Support.DebugConsoleHelper.KEFDJIBIKMA;ItemInteractionOrigin;57
.MJGOHHKILOJ;EekCharacterEngine.Support.AudioTypes;37
.PLIBDHEFDEC;EekCharacterEngine.Support.Directions;67
.CECDNADGMBM;EekCharacterEngine.Support.InputTypes;37
.HONKOLMADIK;EekCharacterEngine.Support.CameraStatuses;47
EekCharacterEngine.Support.EventList;EventList;17
.MBLALADINAJ;EekCharacterEngine.Support.LookUpTable;7
.EPBEDOMFMKB;EekCharacterEngine.Support.GeneratedStringCodes;507
.NELJNCIGHFM;EekCharacterEngine.Support.MiniGame;7
.NELJNCIGHFM.ANHNIJNMONI;UpdateGamePointsHandler;73
.EDPOPIECJID;EekCharacterEngine.Support.MiniGameHelper;7
.GCNEHJNHEGL;EekCharacterEngine.Support.MiniGameItemTypes;77
.NKNGJGBPPNP;EekCharacterEngine.Support.MiniGameNames;27
.GHIGIBGJDKN;EekCharacterEngine.Support.MiniGameModes;67
.ALHONHBAMIO;EekCharacterEngine.Support.ShowMiniGameUIOptions;47
EekCharacterEngine.Support.MiniGameManager;MiniGameManager;218
EekCharacterEngine.Support.MiniGameManager.MCCEOEJCHKE;MGEndHandler;73
EekCharacterEngine.Support.MiniGameManager.EPAIMKDOCEO;__c__DisplayClass26_0;51
EekCharacterEngine.Support.PersonalSpaceCollider;PersonalSpaceCollider;88
.IFNDPFBEMLB;EekCharacterEngine.Support.Relationships;17
.IFNDPFBEMLB.PHBMPBFLHOO;MoodAffector;17
EekCharacterEngine.Support.RenderStatus;RenderStatus;55
.FLLOFJFGDLK;EekCharacterEngine.Support.BoneRigs;47
EekCharacterEngine.Support.SpatialAudioHelper;SpatialAudioHelper;71
.AJPHHEDBMLM;EekCharacterEngine.Support.StatusScale;17
.AJPHHEDBMLM.BGIADHDIEGB;__c__DisplayClass2_0;77
EekCharacterEngine.Support.SuperList`1;SuperList`1;112
EekCharacterEngine.Support.SuperListItem;SuperListItem;29
.KNIMJCJJNDP;EekCharacterEngine.Support.TextInjectionHelper;7
.KNIMJCJJNDP.__c;__c;125
.KNIMJCJJNDP.ANLCJHOBHON;__c__DisplayClass3_0;65
.GPEJBNDKKDA;EekCharacterEngine.Support.TextureData;17
EekCharacterEngine.Support.TextureHelper;TextureHelper;309
.COMDBELHNNA;EekCharacterEngine.Support.CharacterTextureTypes;67
EekCharacterEngine.Support.Messages;Messages;55
EekCharacterEngine.Support.Messages.LCKNEDGEMCH;OnMessageDisplayHandler;73
EekCharacterEngine.Support.Narrator;Narrator;40
EekCharacterEngine.Support.Narrator.DPEIJLCELKP;NarratorDelegate;73
EekCharacterEngine.Support.ThoughtBubble;ThoughtBubble;45
EekCharacterEngine.Support.ThoughtBubble.FJNHKPMFOFP;ThoughtBubbleDelegate;73
EekCharacterEngine.Motion.CharacterSurfaceImpactor;CharacterSurfaceImpactor;81
EekCharacterEngine.Motion.CharacterZone;CharacterZone;66
.OFFJGKJENGM;EekCharacterEngine.Motion.MotionPrecisionTypes;77
EekCharacterEngine.Motion.MoveTarget;MoveTarget;316
.KKBCFMHACLD;EekCharacterEngine.Motion.Movement;17
EekCharacterEngine.Motion.Zone;Zone;116
EekCharacterEngine.Motion.ZoneHelper;ZoneHelper;55
.MLIACCJMNPD;EekCharacterEngine.Intimacy.FemaleHelper;17
.PAPABDBLGLN;EekCharacterEngine.Intimacy.IntimacyHelper;17
.PAPABDBLGLN.PCFBLFLKEPO;OnSexActDelegate;53
.PAPABDBLGLN.EBJLCMEBBEO;_CumIn_d__92;215
.DHFLMMKIFJO;EekCharacterEngine.Intimacy.MaleHelper;17
EekCharacterEngine.Interaction.IKInteraction;IKInteraction;383
EekCharacterEngine.Interaction.IKInteraction.JBOINPNMBLA;IKInteractionDelegate;73
EekCharacterEngine.Interaction.IKInteraction.OGHPHLBNNMK;_InventoryGrabHandler_d__72;227
EekCharacterEngine.Interaction.IKInteraction.KGKIMCKMNKD;_RestoreRagdollCollisionsIn_d__73;215
EekCharacterEngine.Interaction.ActionItem;ActionItem;456
EekCharacterEngine.Interaction.ActionItem.COIGKFDGLPI;_ReapplyCollisionAfter_d__36;257
EekCharacterEngine.Interaction.ActionItem.MBAFABADCHB;_ReapplyCollision_d__37;171
EekCharacterEngine.Interaction.Bed;Bed;94
EekCharacterEngine.Interaction.Bed.KABGGAJIAHH;BedSide;47
EekCharacterEngine.Interaction.Bed.JPJGCLPEOEL;_SetPose_d__8;247
EekCharacterEngine.Interaction.Bed.INLEKNIPGLK;__c__DisplayClass12_0;60
EekCharacterEngine.Interaction.Bed.EEJJHGPPJJG;_StopAfterAction_d__12;257
EekCharacterEngine.Interaction.Chair;Chair;221
EekCharacterEngine.Interaction.Chair.MPMIBBJEONA;_SetPose_d__13;227
EekCharacterEngine.Interaction.Chair.EMAIJCCJAMN;_CheckDistance_d__27;225
EekCharacterEngine.Interaction.CharacterStandSpot;CharacterStandSpot;81
EekCharacterEngine.Interaction.CharacterStandSpot.EKJKGEDNJIK;_SetPose_d__3;237
EekCharacterEngine.Interaction.DistractableRigidItem;DistractableRigidItem;1147
EekCharacterEngine.Interaction.DistractableRigidItem.HLLBCMJANKF;OnCollisionDelegate;73
EekCharacterEngine.Interaction.DistractableRigidItem.__c;__c;201
EekCharacterEngine.Interaction.DistractableRigidItem.NNMPOFBFEFD;_GetsWithCooldownReset_d__81;235
EekCharacterEngine.Interaction.Door;Door;901
EekCharacterEngine.Interaction.Door.AIBBHCKFNKE;OnCharacterVicinityChangeDelegate;73
EekCharacterEngine.Interaction.Door.LCEEEKOIKIP;_IterateIKOpen_d__84;213
EekCharacterEngine.Interaction.Door.LDIFHEBDNKC;_CloseAfter_d__91;235
EekCharacterEngine.Interaction.Door.DOJCNDCHJON;_PlayClosedDoorSound_d__94;215
EekCharacterEngine.Interaction.DragRigidbody;DragRigidbody;232
EekCharacterEngine.Interaction.DragRigidbody.POLNMKEOHGP;_DragObject_d__12;225
EekCharacterEngine.Interaction.InteractionManager;InteractionManager;431
EekCharacterEngine.Interaction.InteractionManager.FALJEEEBDLD;_resetInterface_d__49;213
EekCharacterEngine.Interaction.InteractiveItem;InteractiveItem;1853
EekCharacterEngine.Interaction.InteractiveItem.__c;__c;77
EekCharacterEngine.Interaction.InteractiveItem.MOEIGJKCNDD;_ReadyHotSpots_d__107;227
.PICBLIELICP;EekCharacterEngine.Interaction.InteractionTypes;97
EekCharacterEngine.Interaction.ItemManager;ItemManager;202
EekCharacterEngine.Interaction.ItemManager.CLILHIDIBNG;ItemLateStartDelegate;73
EekCharacterEngine.Interaction.ItemManager.DPNHEGFBDMJ;_RunInteractiveItemLateStart_d__17;181
EekCharacterEngine.Interaction.Lamp;Lamp;39
EekCharacterEngine.Interaction.Lightswitch;Lightswitch;94
EekCharacterEngine.Interaction.Lightswitch.__c;__c;219
EekCharacterEngine.Interaction.MiniGameItem;MiniGameItem;523
EekCharacterEngine.Interaction.MiniGameItem.KGCBKKMIJNF;UpdateMGItemOwner;73
EekCharacterEngine.Interaction.MiniGameItem.__c;__c;67
EekCharacterEngine.Interaction.MiniGameSpot;MiniGameSpot;205
EekCharacterEngine.Interaction.MiniGameTarget;MiniGameTarget;113
EekCharacterEngine.Interaction.MiniGameTarget.CPNFPFBBCAN;__c__DisplayClass3_0;40
EekCharacterEngine.Interaction.PlayerOnlyCollider;PlayerOnlyCollider;39
EekCharacterEngine.Interaction.SexSpot;SexSpot;17
EekCharacterEngine.Interaction.StripTeaseSpot;StripTeaseSpot;88
EekCharacterEngine.Interaction.StripTeaseSpot.JNEPIOGCEDL;_CheckDistance_d__7;225
EekCharacterEngine.Interaction.SpectateSpot;SpectateSpot;17
EekCharacterEngine.Dialogues.CharacterDialogue;CharacterDialogue;175
EekCharacterEngine.Dialogues.GlobalResponses;GlobalResponses;39
EekCharacterEngine.Components.CAudio;CAudio;1198
EekCharacterEngine.Components.CAudio.HCGFAMMBFAF;OnBackgroundChatterAudioDelegate;73
EekCharacterEngine.Components.CAudio.GLCKGEPHIFD;OnBackgroundChatterEndedDelegate;73
EekCharacterEngine.Components.CAudio.PJGMPABKICC;__c__DisplayClass64_0;55
EekCharacterEngine.Components.CAudio.OMFJJGKBGGG;__c__DisplayClass64_1;55
EekCharacterEngine.Components.CAudio.OCPFGAFDPLO;_TryPlayDialogueAudio_d__82;239
EekCharacterEngine.Components.CAudio.LBMHFLJAJID;__c__DisplayClass68_0;65
EekCharacterEngine.Components.CAudio.GLFOMGONBPO;_TryPlayBackgroundChatter_d__68;205
EekCharacterEngine.Components.CAudio.LPOACCGPCGI;_WaitForBGCFinished_d__72;225
EekCharacterEngine.Components.CAudio.HOJOHPDAEKO;_LoopWaitForBGCFinished_d__73;213
EekCharacterEngine.Components.CAudio.PHKDKJKFGMD;__c__DisplayClass82_0;60
.CPKNHIELNOM;EekCharacterEngine.Components.SpecializedSFXType;77
EekCharacterEngine.Components.CBlendShapes;CBlendShapes;980
EekCharacterEngine.Components.CBlendShapes.BlendShape;BlendShape;95
EekCharacterEngine.Components.CBlendShapes.BlendShapeConfiguration;BlendShapeConfiguration;125
EekCharacterEngine.Components.CBlendShapes.CJFDPJCPHEF;_ImportantEmoteCooldown_d__52;247
EekCharacterEngine.Components.CCombat;CCombat;1391
EekCharacterEngine.Components.CCombat.ACCBIBHMGMD;OnSuccessfulBlockDelegate;73
EekCharacterEngine.Components.CCombat.PENBMAABKNI;_TurnOffSteppingBack_d__80;213
EekCharacterEngine.Components.CCombat.NCMCDOOPHPP;_ToggleCombatAdjustments_d__83;235
EekCharacterEngine.Components.CCombat.BCILCCLIGOB;_EndBlock_d__92;235
EekCharacterEngine.Components.CCombat.BKBNGDJPECA;_ToggleIsAttacking_d__93;245
.OGIAHIFINLI;EekCharacterEngine.Components.CDancing;17
EekCharacterEngine.Components.CDialogue;CDialogue;570
EekCharacterEngine.Components.CDialogue.AKHBFJGNEKJ;OnDialogueShowDelegate;73
EekCharacterEngine.Components.CDialogue.LBGNGJGAKGE;OnUpdateDialogueResponsesDelegate;73
EekCharacterEngine.Components.CDialogue.HNFAEKILDJO;OnUpdateDialogueTextDelegate;73
EekCharacterEngine.Components.CDialogue.LFHBPCEKLCM;OnDialogueRequestedDelegate;73
EekCharacterEngine.Components.CDialogue.MBIEIJJOIKI;__c__DisplayClass55_0;77
EekCharacterEngine.Components.CDialogue.GHIKCMPHACJ;__c__DisplayClass58_0;72
EekCharacterEngine.Components.CDialogue.KAENBJJFFHH;__c__DisplayClass60_0;72
EekCharacterEngine.Components.CDialogue.__c;__c;254
EekCharacterEngine.Components.CDialogue.MFHKDFAIALH;_AfterJustDisplayed_d__63;181
EekCharacterEngine.Components.CDialogue.MNOCIJHDDCB;__c__DisplayClass66_0;70
EekCharacterEngine.Components.CDialogue.LGEBLOFONLB;__c__DisplayClass68_0;75
EekCharacterEngine.Components.CFirstPersonInput;CFirstPersonInput;527
.MOIILCMDGNO;EekCharacterEngine.Components.InputTypes;37
EekCharacterEngine.Components.CIntimacy;CIntimacy;2308
EekCharacterEngine.Components.CIntimacy.GBIBCNHOFFA;EndedGropeDelegate;73
EekCharacterEngine.Components.CIntimacy.EGOKCPPKICD;_CheckRecharge_d__171;213
EekCharacterEngine.Components.CIntimacy.JKNLCBECAPN;_ReleaseLeftHand_d__178;235
.KLMDBJALBAM;EekCharacterEngine.Components.CInventory;17
.KLMDBJALBAM.JMGOBDHGEOL;OnInventoryChangedDelegate;73
.MJJJJPMJNNL;EekCharacterEngine.Components.CLookAt;17
.MJJJJPMJNNL.LJPLNMJFBNI;LookAtTypes;47
.MJJJJPMJNNL.GKIPKONCLNC;_NewLookTargetEmote_d__26;203
EekCharacterEngine.Components.CMecanim;CMecanim;2038
EekCharacterEngine.Components.CMecanim.HEGFLEPBIJI;OnSetPoseDelegate;73
.AOAIABLHCEB;EekCharacterEngine.Components.StateTransition;17
.AOAIABLHCEB.IFKJKNMLIGG;TransitionTypes;37
.CBBILFOINBJ;EekCharacterEngine.Components.Hands;47
.EEMDNGLLJPE;EekCharacterEngine.Components.HandStates;37
EekCharacterEngine.Components.CMotion;CMotion;1501
EekCharacterEngine.Components.CMotion.AAMGLOOJEKD;MotionTargetData;17
EekCharacterEngine.Components.CMotion.KOGLLDMHJJC;__c__DisplayClass97_0;105
EekCharacterEngine.Components.CMotion.EDCLPPDMEDO;__c__DisplayClass98_0;51
EekCharacterEngine.Components.CMotion.IBHMCCKFENK;_StartEvadeTimer_d__116;193
EekCharacterEngine.Components.CNavMeshAgent;CNavMeshAgent;402
EekCharacterEngine.Components.CNavMeshAgent.CGFHKEIEEMG;CornerCompareData;13
EekCharacterEngine.Components.CNavMeshAgent.BGNKPPFOPEK;_CheckLocked_d__13;225
EekCharacterEngine.Components.CNavMeshAgent.LFKDLHJGHCG;_StartCheckedStartWalkingDirectionTimer_d__34;213
EekCharacterEngine.Components.CNavMeshAgent.GNEIMGJADLI;_ResumeNavigationAfter_d__42;235
EekCharacterEngine.Components.CPersonality;CPersonality;149
EekCharacterEngine.Components.CRoam;CRoam;833
EekCharacterEngine.Components.CRoam.__c;__c;674
EekCharacterEngine.Components.CRoam.LDAHOCADKLE;_OnJustChangedLocation_d__51;235
EekCharacterEngine.Components.CRotation;CRotation;282
EekCharacterEngine.Components.CRotation.MOCLLFFEABN;_LockRotationForSeconds_d__14;235
EekCharacterEngine.Components.CRotation.CKALINCLGPH;_PreciseTurnTowardIn_d__19;237
.FNNHGBDKMID;EekCharacterEngine.Components.Motion.ObstacleLocation;57
EekUI.SaveLoadController;SaveLoadController;39
EekUI.AlphaRaycastFilter;AlphaRaycastFilter;49
EekUI.ButtonDummyBehavior;ButtonDummyBehavior;17
EekUI.ButtonDummyTarget;ButtonDummyTarget;152
EekUI.ButtonDummyTargetSelector;ButtonDummyTargetSelector;170
EekUI.ButtonDummyTargetSelector.DFKACLOHJGO;ColorType;37
EekUI.ButtonTextColorChanger;ButtonTextColorChanger;219
EekUI.ButtonTextColorChanger.JCHCCNHALAJ;TriggerMode;37
EekUI.ButtonTextColorChanger.HFKFFIOBDIM;ColorSetting;37
EekUI.DialogueUI;DialogueUI;233
EekUI.DialogueUI.PBBACHHPBGN;__c__DisplayClass40_0;82
EekUI.DialogueUI.FJMGIJPKFFA;_DisplayResponses_d__40;153
EekUI.EekCanvasLineRenderer;EekCanvasLineRenderer;66
EekUI.GameSettings;GameSettings;401
EekUI.GameSettings.EKINPBLANFI;_WaitForAudioManager_d__11;203
EekUI.GameplaySettings;GameplaySettings;343
EekUI.MiniGameCanvas;MiniGameCanvas;177
EekUI.MiniGameCanvas.CJGDKFMPBMC;_HideScoreCountdown_d__13;225
EekUI.NarratorManager;NarratorManager;94
EekUI.PlayerSetting;PlayerSetting;259
.GPENGIHGJOD;EekUI.PlayerSettingType;37
EekUI.PointerBroadcastReceiver;PointerBroadcastReceiver;71
EekUI.PointerBroadcastReceiverImageColorChanger;PointerBroadcastReceiverImageColorChanger;360
EekUI.PointerBroadcaster;PointerBroadcaster;314
EekUI.PointerBroadcaster.FNKDFCNJIOC;PointerEventDelegate;53
EekUI.PointerBroadcaster.JNCPHPBCPBM;PointerEventType;67
EekUI.PostProcessingManager;PostProcessingManager;244
EekUI.PostProcessingManager.LAEKFEDAHEE;PPVTargetOptions;57
EekUI.RadialMenu;RadialMenu;396
EekUI.RadialMenu.BMLOGFJODJL;_EnableButtonsDelayed_d__24;213
EekUI.RadialMenu.LNILGDPEHEF;__c__DisplayClass26_0;55
EekUI.RadialMenu.__c;__c;72
EekUI.SelectionFollower;SelectionFollower;93
EekUI.UIRadialMenu;UIRadialMenu;359
EekUI.UIRadialMenu.DBBHLMHDEHO;_EnableButtonsDelayed_d__22;213
EekUI.UseSelectUI;UseSelectUI;191
EekUI.UseSelectUI.GIHGJJBMBJH;_SetScrollBarToTop_d__12;213
EekUI.CharacterSelectRotator;CharacterSelectRotator;125
EekUI.CharacterSelectRotator.CharacterRotation;CharacterRotation;61
EekUI.CharacterSelectRotator.EFCIOLDMEJE;__c__DisplayClass10_0;60
EekUI.Support.DebugConsole;DebugConsole;99
.CHBCMJCGIIO;EekUI.Support.UIHelper;17
.CHBCMJCGIIO.EEBHFMGENPO;TextDisplay;17
.DAGEDJDBJBG;EekUI.Support.StrHelp;17
EekUI.Quests.AchievementClone;AchievementClone;160
.NODMDHHHBGK;EekUI.Quests.QuestSortOptions;57
EekUI.Quests.QuestWindow;QuestWindow;195
EekUI.Quests.QuestWindow.__c;__c;158
EekUI.Quests.RefreshButton;RefreshButton;44
EekUI.Items.Item;Item;133
.DFKPAJFGMOM;EekUI.Items.ItemType;37
EekUI.Items.Weapon;Weapon;39
.GCENGMBEPEM;EekUI.Achievements.AchievementManager;17
.GCENGMBEPEM.OPKDEIBFGAF;AchievementDelegate;73
.GCENGMBEPEM.IMPEHMLBADC;OnClearAchievementsDelegate;73
.GCENGMBEPEM.LHKDMNJNJOA;__c__DisplayClass21_0;50
.GCENGMBEPEM.CPNHNOMEHHH;__c__DisplayClass27_0;71
DigitalRuby.Earth.EarthScript;EarthScript;85
DigitalRuby.Earth.MoveScript;MoveScript;51
DigitalRuby.Earth.SphereScript;SphereScript;183
DigitalRuby.Earth.SphereScript.KJGHMFMPJEG;MiddlePointCacheKey;40
DigitalRuby.Earth.SphereScript.CBGAGFGJLKC;TriangleIndices;23
DarkArtsStudios.ScreenshotCreator.Examples.ScreenshotOnKeyPress;ScreenshotOnKeyPress;71
.LFBGCIMOODL;UnityEngine.Timeline.VideoPlayableBehaviour;129
.OHILLBKJIEN;UnityEngine.Timeline.VideoSchedulerPlayableBehaviour;33
UnityEngine.Timeline.VideoScriptPlayableAsset;VideoScriptPlayableAsset;145
UnityEngine.UI.CanvasParticleEmitter;CanvasParticleEmitter;5208
UnityEngine.UI.CanvasParticleEmitter.OFGMLLKBHEH;EmitterShapes;87
UnityEngine.UI.CanvasParticleEmitter.BEGEFAAGBDJ;EmitterShapeLineTypes;57
UnityEngine.UI.CanvasParticleEmitter.DHAPPNPOBBO;EmitterShapeRectTypes;47
UnityEngine.UI.CanvasParticleEmitter.LJFLIAGKDBH;EmitterShapeCircleTypes;37
.APGELNONDJP;UnityEngine.UI.ProceduralImage.ModifierID;17
.AJKJFDBDJAL;UnityEngine.UI.ProceduralImage.ProceduralImageMaterialInfo;34
UnityEngine.UI.ProceduralImage.ProceduralImage;ProceduralImage;211
UnityEngine.UI.ProceduralImage.ProceduralImageModifier;ProceduralImageModifier;33
Cpp2IlInjected.AddressAttribute;AddressAttribute;75
Cpp2IlInjected.AttributeAttribute;AttributeAttribute;63
Cpp2IlInjected.TokenAttribute;TokenAttribute;29
Cpp2IlInjected.AnalysisFailedException;AnalysisFailedException;17
